Crop Name,Area Name,Area of Land in acres,Amount of Production in Tons,Rainfall in MM,Year
Wheat,Bakergonj,150,70,19.64583333,1970
Wheat,Bogra,5690,2720,2.5,1970
Wheat,Chittagonj,45,15,43,1970
Wheat,Chittagonj  H.T,5,2,43,1970
Wheat,Comilla,16505,8575,25.75,1970
Wheat,Dhaka,15700,5540,14,1970
Wheat,Dinajpur,6730,2695,10.5,1970
Wheat,Faridpur,76150,21510,14.75,1970
Wheat,Jessore,16490,5825,17.75,1970
Wheat,Khulna,585,190,3.25,1970
Wheat,Kishoregonj,1340,530,19.64583333,1970
Wheat,Kustia,38880,14245,19.64583333,1970
Wheat,Mymensingh,6060,1700,7.75,1970
Wheat,Noakhali,710,185,19.64583,1970
Wheat,Pabna,61315,21900,19.64583,1970
Wheat,Patuakhali,35,12,19.64583,1970
Wheat,Rajshahi,39150,14030,19.64583,1970
Wheat,Rangpur,15800,6075,10,1970
Wheat,Sylhet,355,140,43.5,1970
Wheat,Tangail,9640,3920,19.64583,1970
Wheat,Bakergonj,370,180,14.63461538,1971
Wheat,Bogra,6210,3370,14.5,1971
Wheat,Chittagonj,5,2,2.5,1971
Wheat,Chittagonj  H.T,5,2,2.5,1971
Wheat,Comilla,19710,10420,18,1971
Wheat,Dhaka,15650,5265,31.5,1971
Wheat,Dinajpur,2025,610,4.75,1971
Wheat,Faridpur,73635,22415,21.75,1971
Wheat,Jessore,16875,5325,4,1971
Wheat,Khulna,775,275,1.5,1971
Wheat,Kishoregonj,1370,545,14.63462,1971
Wheat,Kustia,43455,15995,14.63462,1971
Wheat,Mymensingh,6995,1650,14.5,1971
Wheat,Noakhali,730,180,14.63462,1971
Wheat,Pabna,60280,22550,14.63462,1971
Wheat,Patuakhali,20,5,14.63462,1971
Wheat,Rajshahi,44135,16125,30.5,1971
Wheat,Rangpur,15390,5920,15.75,1971
Wheat,Sylhet,555,206,28.5,1971
Wheat,Tangail,6270,2155,14.63462,1971
Wheat,Bakergonj,205,79,4.692307778,1972
Wheat,Bogra,7010,3410,4.75,1972
Wheat,Chittagonj,7,2,0.5,1972
Wheat,Chittagonj  H.T,5,2,0.5,1972
Wheat,Comilla,25650,12094,0.25,1972
Wheat,Dhaka,14650,4832,2.75,1972
Wheat,Dinajpur,8480,2819,0,1972
Wheat,Faridpur,49935,9692,17.5,1972
Wheat,Jessore,10095,3040,1.25,1972
Wheat,Khulna,380,95,0,1972
Wheat,Kishoregonj,1415,442,4.692308,1972
Wheat,Kustia,41515,7507,4.692308,1972
Wheat,Mymensingh,6490,1495,5,1972
Wheat,Noakhali,465,111,4.692308,1972
Wheat,Pabna,61700,22881,4.692308,1972
Wheat,Patuakhali,12,3,4.692308,1972
Wheat,Rajshahi,46830,13331,5.75,1972
Wheat,Rangpur,14800,5421,11.75,1972
Wheat,Sylhet,565,209,11,1972
Wheat,Tangail,6645,2061,4.692308,1972
Wheat,Bakergonj,160,47,36.75,1973
Wheat,Bogra,7375,3633,32.25,1973
Wheat,Chittagonj,0,0,78,1973
Wheat,Chittagonj  H.T,0,0,78,1973
Wheat,Comilla,28465,15139,50,1973
Wheat,Dhaka,13550,4248,42.75,1973
Wheat,Dinajpur,15390,5501,36.75,1973
Wheat,Faridpur,42750,11572,28.25,1973
Wheat,Jessore,10905,3439,38,1973
Wheat,Khulna,330,81,1,1973
Wheat,Kishoregonj,1420,387,36.75,1973
Wheat,Kustia,42600,19278,36.75,1973
Wheat,Mymensingh,7405,1632,9.75,1973
Wheat,Noakhali,365,96,36.75,1973
Wheat,Pabna,62580,22866,36.75,1973
Wheat,Patuakhali,0,0,62.25,1973
Wheat,Rajshahi,48500,13215,13,1973
Wheat,Rangpur,14940,5587,7.75,1973
Wheat,Sylhet,655,244,36.75,1973
Wheat,Tangail,7625,2214,36.75,1973
Wheat,Barisal,165,48,5,1974
Wheat,Bogra,8080,3862,0.75,1974
Wheat,Chittagonj,0,0,17.5,1974
Wheat,Chittagonj  H.T,0,0,17.5,1974
Wheat,Comilla,38965,19075,16.25,1974
Wheat,Dhaka,13850,4080,3.642857143,1974
Wheat,Dinajpur,9455,3058,3.64,1974
Wheat,Faridpur,45275,13010,0.25,1974
Wheat,Jamalpur,0,0,3.64,1974
Wheat,Jessore,12165,4112,2.25,1974
Wheat,Khulna,804,240,0.25,1974
Wheat,Kishoregonj,970,277,3.64,1974
Wheat,Kustia,34320,9396,3.64,1974
Wheat,Mymensingh,7960,1604,0,1974
Wheat,Noakhali,525,147,20.75,1974
Wheat,Pabna,63845,23513,3.64,1974
Wheat,Patuakhali,0,0,3.64,1974
Wheat,Rajshahi,52400,14656,0,1974
Wheat,Rangpur,15100,5648,3.64,1974
Wheat,Sylhet,620,214,2,1974
Wheat,Tangail,6940,1930,3.64,1974
Wheat,Barisal,500,211,11.25,1975
Wheat,Bogra,14780,9771,2.75,1975
Wheat,Chittagonj,230,149,37.5,1975
Wheat,Chittagonj  H.T,0,0,37.5,1975
Wheat,Comilla,55500,38640,42.75,1975
Wheat,Dhaka,12980,5367,13.75,1975
Wheat,Dinajpur,22700,15484,0,1975
Wheat,Faridpur,33880,11789,9.25,1975
Wheat,Jamalpur,0,0,0,1975
Wheat,Jessore,21092,16014,3.5,1975
Wheat,Khulna,1384,888,3.5,1975
Wheat,Kishoregonj,6000,3380,3.5,1975
Wheat,Kustia,39300,39008,3.5,1975
Wheat,Mymensingh,8465,4948,0,1975
Wheat,Noakhali,5430,3192,52.5,1975
Wheat,Pabna,59000,27132,3.5,1975
Wheat,Patuakhali,0,0,25.25,1975
Wheat,Rajshahi,61100,25110,3.75,1975
Wheat,Rangpur,14265,7029,2,1975
Wheat,Sylhet,2000,691,30.75,1975
Wheat,Tangail,12300,5925,3.5,1975
Wheat,Barisal,105,54,17,1976
Wheat,Bogra,22610,19813,3.75,1976
Wheat,Chittagonj,570,267,66.75,1976
Wheat,Chittagonj  H.T,40,30,66.75,1976
Wheat,Comilla,66895,50578,5,1976
Wheat,Dhaka,19220,10734,3.75,1976
Wheat,Dinajpur,17900,12270,0,1976
Wheat,Faridpur,33475,12055,4.5,1976
Wheat,Jamalpur,0,0,14.75,1976
Wheat,Jessore,25610,20111,14.75,1976
Wheat,Khulna,2245,1917,14.75,1976
Wheat,Kishoregonj,6925,5359,14.75,1976
Wheat,Kustia,51900,38488,14.75,1976
Wheat,Mymensingh,8355,5330,2,1976
Wheat,Noakhali,1800,992,14,1976
Wheat,Pabna,42000,29059,14.75,1976
Wheat,Patuakhali,0,0,6,1976
Wheat,Rajshahi,60925,27669,2.75,1976
Wheat,Rangpur,14000,6960,0.25,1976
Wheat,Sylhet,5270,2084,14,1976
Wheat,Tangail,15635,11588,14.75,1976
Wheat,Barisal,15960,14204,24.5,1977
Wheat,Bogra,0,0,24,1977
Wheat,Chittagonj  H.T,65,36,26.5,1977
Wheat,Comilla,85,52,26.5,1977
Wheat,Dhaka,6000,2131,29.5,1977
Wheat,Dinajpur,31085,27802,25,1977
Wheat,Faridpur,22300,14082,8.5,1977
Wheat,Jamalpur,46495,24560,23.01666667,1977
Wheat,Jessore,190,107,24,1977
Wheat,Khulna,34940,23379,8,1977
Wheat,Kishoregonj,0,0,23.01,1977
Wheat,Kustia,4270,4286,23.01,1977
Wheat,Mymensingh,5455,4910,46.5,1977
Wheat,Noakhali,63455,47438,37.25,1977
Wheat,Pabna,31130,25097,23.01,1977
Wheat,Patuakhali,60960,64195,16.25,1977
Wheat,Rajshahi,48000,34932,16.5,1977
Wheat,Rangpur,59600,32505,3,1977
Wheat,Sylhet,560,210,29.25,1977
Wheat,Tangail,10335,6864,23.01,1977
Wheat,Barisal,105,54,0.75,1978
Wheat,Bogra,22610,19813,0.5,1978
Wheat,Chittagonj,570,267,0,1978
Wheat,Chittagonj  H.T,40,30,0,1978
Wheat,Comilla,66895,50578,4.461538462,1978
Wheat,Dhaka,19220,10734,5,1978
Wheat,Dinajpur,17900,12270,4.46,1978
Wheat,Faridpur,33475,12055,3.25,1978
Wheat,Jamalpur,0,0,4.46,1978
Wheat,Jessore,25610,20111,4.46,1978
Wheat,Khulna,2245,1917,0.75,1978
Wheat,Kishoregonj,6925,5359,4.46,1978
Wheat,Kustia,51900,38488,4.46,1978
Wheat,Mymensingh,8355,5330,0,1978
Wheat,Noakhali,1800,992,2,1978
Wheat,Pabna,42000,29059,4.46,1978
Wheat,Patuakhali,0,0,25.75,1978
Wheat,Rajshahi,60925,27669,17.75,1978
Wheat,Rangpur,14000,6960,1.75,1978
Wheat,Sylhet,5270,2084,0.5,1978
Wheat,Tangail,15635,11588,4.46,1978
Wheat,Barisal,190,107,23.25,1979
Wheat,Bogra,31085,27802,16.25,1979
Wheat,Chittagonj,65,36,22.75,1979
Wheat,Chittagonj  H.T,85,52,22.75,1979
Wheat,Comilla,63455,47438,13.25,1979
Wheat,Dhaka,22300,14082,30.5,1979
Wheat,Dinajpur,31130,25097,20.85,1979
Wheat,Faridpur,46495,24560,27.25,1979
Wheat,Jamalpur,0,0,20.85,1979
Wheat,Jessore,34940,23379,33.25,1979
Wheat,Khulna,4270,4286,17.25,1979
Wheat,Kishoregonj,5455,4910,20.85,1979
Wheat,Kustia,60960,64195,20.85,1979
Wheat,Mymensingh,10335,6864,7.75,1979
Wheat,Noakhali,560,210,19.25,1979
Wheat,Pabna,48000,34932,20.85,1979
Wheat,Patuakhali,0,0,23.5,1979
Wheat,Rajshahi,59600,32505,29.5,1979
Wheat,Rangpur,25985,15712,14.75,1979
Wheat,Sylhet,6000,2131,11.5,1979
Wheat,Tangail,15960,14204,20.85,1979
Wheat,Bandarban,0,0,13.46,1980
Wheat,Barisal,5125,2785,13.75,1980
Wheat,Bogra,76945,58525,3,1980
Wheat,Chittagonj,585,380,7,1980
Wheat,Comilla,194990,121005,10.75,1980
Wheat,Dhaka,48810,31320,8.75,1980
Wheat,Dinajpur,202835,46235,13.46,1980
Wheat,Faridpur,63970,49940,31,1980
Wheat,Jamalpur,10660,8400,13.46,1980
Wheat,Jessore,118310,66740,17,1980
Wheat,Khagrachari,0,0,13.46,1980
Wheat,Khulna,11330,8190,25.5,1980
Wheat,Kishoregonj,21890,12305,13.46,1980
Wheat,Kustia,135810,115800,13.46,1980
Wheat,Mymensingh,8585,8170,13.46,1980
Wheat,Noakhali,2690,1470,14,1980
Wheat,Pabna,103645,82295,13.46,1980
Wheat,Patuakhali,175,90,13.46,1980
Wheat,Rajshahi,140780,117060,10.25,1980
Wheat,Rangamati,420,245,21.5,1980
Wheat,Rangpur,248840,195730,4.25,1980
Wheat,Sylhet,12120,7760,8.25,1980
Wheat,Tangail,52395,40810,13.46,1980
Wheat,Bandarban,0,0,26.92,1981
Wheat,Barisal,5410,2805,25,1981
Wheat,Bogra,65735,47500,33.5,1981
Wheat,Chittagonj,590,275,4.5,1981
Wheat,Comilla,187015,118720,14,1981
Wheat,Dhaka,56805,37560,24,1981
Wheat,Dinajpur,183240,128845,30.75,1981
Wheat,Faridpur,94215,75170,40,1981
Wheat,Jamalpur,13785,10380,12.5,1981
Wheat,Jessore,116025,73990,66,1981
Wheat,Khagrachari,0,0,26.92,1981
Wheat,Khulna,16535,13080,32.5,1981
Wheat,Kishoregonj,26070,11245,26.92,1981
Wheat,Kustia,133150,106675,26.92,1981
Wheat,Mymensingh,10830,10440,34.75,1981
Wheat,Noakhali,2050,830,26.92,1981
Wheat,Pabna,87880,73785,26.92,1981
Wheat,Patuakhali,85,35,13,1981
Wheat,Rajshahi,99910,71160,53.5,1981
Wheat,Rangamati,30,10,6,1981
Wheat,Rangpur,165005,125380,19.25,1981
Wheat,Sylhet,10255,8130,21.5,1981
Wheat,Tangail,45115,36095,26.92,1981
Wheat,Bandarban,0,0,12.93,1982
Wheat,Barisal,7305,4435,25.5,1982
Wheat,Bogra,62870,51345,4,1982
Wheat,Chittagonj,495,230,12.75,1982
Wheat,Comilla,157700,107585,11,1982
Wheat,Dhaka,59690,46420,16.5,1982
Wheat,Dinajpur,140465,111175,7.75,1982
Wheat,Faridpur,98200,92625,35,1982
Wheat,Jamalpur,19330,17065,12.93,1982
Wheat,Jessore,77490,55445,6.5,1982
Wheat,Khagrachari,0,0,12.93,1982
Wheat,Khulna,5935,5030,11.75,1982
Wheat,Kishoregonj,24320,14240,12.93,1982
Wheat,Kustia,115940,130030,12.93,1982
Wheat,Mymensingh,15525,17345,2.5,1982
Wheat,Noakhali,2600,1355,13.25,1982
Wheat,Pabna,101095,97570,12.93,1982
Wheat,Patuakhali,300,160,13,1982
Wheat,Rajshahi,142080,107575,17.75,1982
Wheat,Rangamati,0,0,19.5,1982
Wheat,Rangpur,193830,167230,2.25,1982
Wheat,Sylhet,15675,13630,8,1982
Wheat,Tangail,42525,37550,12.93,1982
Wheat,Bandarban,15,5,23.59,1983
Wheat,Barisal,4590,1755,28.5,1983
Wheat,Bogra,62370,60700,10.25,1983
Wheat,Chittagonj,450,195,39.5,1983
Wheat,Comilla,157010,141380,18,1983
Wheat,Dhaka,59945,49680,23.25,1983
Wheat,Dinajpur,166010,140875,10.75,1983
Wheat,Faridpur,100360,98880,18.5,1983
Wheat,Jamalpur,34525,30115,23.59,1983
Wheat,Jessore,60645,58400,38,1983
Wheat,Khagrachari,10,5,23.59,1983
Wheat,Khulna,4800,4635,30.25,1983
Wheat,Kishoregonj,20160,19635,23.59,1983
Wheat,Kustia,131030,129845,23.59,1983
Wheat,Mymensingh,19190,19900,5.75,1983
Wheat,Noakhali,2205,1280,25,1983
Wheat,Pabna,108505,105690,23.59,1983
Wheat,Patuakhali,80,35,38,1983
Wheat,Rajshahi,123830,110540,6.75,1983
Wheat,Rangamati,15,5,60.5,1983
Wheat,Rangpur,195575,170840,8.5,1983
Wheat,Sylhet,9865,8700,16,1983
Wheat,Tangail,38570,39210,23.59,1983
Wheat,Bandarban,10,5,7.45,1984
Wheat,Barisal,7805,4430,4.25,1984
Wheat,Bogra,86035,79795,7.25,1984
Wheat,Chittagonj,455,210,0.75,1984
Wheat,Comilla,160000,154625,4.75,1984
Wheat,Dhaka,92890,77940,3.5,1984
Wheat,Dinajpur,155490,119185,13.25,1984
Wheat,Faridpur,144370,140215,10,1984
Wheat,Jamalpur,56380,46490,7.45,1984
Wheat,Jessore,101120,100530,13,1984
Wheat,Khagrachari,25,10,7.45,1984
Wheat,Khulna,6000,5605,9.75,1984
Wheat,Kishoregonj,23945,21445,7.45,1984
Wheat,Kustia,148590,136095,7.45,1984
Wheat,Mymensingh,28795,26340,3.25,1984
Wheat,Noakhali,6315,3040,9.25,1984
Wheat,Pabna,162845,134670,7.45,1984
Wheat,Patuakhali,130,65,3.25,1984
Wheat,Rajshahi,184055,154430,3.5,1984
Wheat,Rangamati,20,5,3.5,1984
Wheat,Rangpur,235470,196160,9.25,1984
Wheat,Sylhet,17565,15800,20.75,1984
Wheat,Tangail,52750,46540,7.45,1984
Wheat,Bandarban,10,5,11.39,1985
Wheat,Barisal,9755,6705,2.75,1985
Wheat,Bogra,65875,61130,2,1985
Wheat,Chittagonj,230,150,55.75,1985
Wheat,Comilla,159965,140195,2.25,1985
Wheat,Dhaka,98255,75475,4.75,1985
Wheat,Dinajpur,117355,88565,3,1985
Wheat,Faridpur,104955,65720,1,1985
Wheat,Jamalpur,41810,31880,11.39,1985
Wheat,Jessore,75200,58635,12.5,1985
Wheat,Khagrachari,40,35,11.39,1985
Wheat,Khulna,11680,10410,6.75,1985
Wheat,Kishoregonj,28150,20890,11.39,1985
Wheat,Kustia,107385,94290,11.39,1985
Wheat,Mymensingh,318510,22270,12.75,1985
Wheat,Noakhali,4040,2400,3.5,1985
Wheat,Pabna,133360,86500,11.39,1985
Wheat,Patuakhali,350,200,18,1985
Wheat,Rajshahi,144580,108380,6.5,1985
Wheat,Rangamati,90,40,25,1985
Wheat,Rangpur,130400,108420,13.5,1985
Wheat,Sylhet,13480,9270,12.25,1985
Wheat,Tangail,56695,49540,11.39,1985
Wheat,Bandarban,0,0,34.48,1986
Wheat,Barisal,11320,3950,70.25,1986
Wheat,Bogra,58400,49310,9.75,1986
Wheat,Chittagonj,475,265,31,1986
Wheat,Comilla,175110,141680,35.5,1986
Wheat,Dhaka,94205,51555,49.25,1986
Wheat,Dinajpur,140115,114780,9.25,1986
Wheat,Faridpur,109715,62945,38.5,1986
Wheat,Jamalpur,54685,39720,34.48,1986
Wheat,Jessore,88160,70795,43.5,1986
Wheat,Khagrachari,25,10,34.48,1986
Wheat,Khulna,11675,9630,40.25,1986
Wheat,Kishoregonj,30845,19800,34.48,1986
Wheat,Kustia,108675,73190,34.48,1986
Wheat,Mymensingh,29835,21370,26,1986
Wheat,Noakhali,3800,2120,33.25,1986
Wheat,Pabna,125440,96045,34.48,1986
Wheat,Patuakhali,200,80,74,1986
Wheat,Rajshahi,130220,109760,11.5,1986
Wheat,Rangamati,45,20,36.25,1986
Wheat,Rangpur,185790,165345,14.75,1986
Wheat,Sylhet,20235,11495,28.75,1986
Wheat,Tangail,66030,47125,34.48,1986
Wheat,Bandarban,5,5,14.35,1987
Wheat,Barisal,18215,13840,11,1987
Wheat,Bogra,58635,44360,6.25,1987
Wheat,Chittagonj,135,80,22.25,1987
Wheat,Comilla,184000,122310,17.75,1987
Wheat,Dhaka,91910,64080,11,1987
Wheat,Dinajpur,142585,95525,11.5,1987
Wheat,Faridpur,120880,74490,11.25,1987
Wheat,Jamalpur,52540,37340,14.35,1987
Wheat,Jessore,110190,104505,4,1987
Wheat,Khagrachari,70,35,14.35,1987
Wheat,Khulna,8130,6835,15,1987
Wheat,Kishoregonj,28285,19350,14.35,1987
Wheat,Kustia,113375,97410,14.35,1987
Wheat,Mymensingh,29425,19890,5.25,1987
Wheat,Noakhali,3455,2010,14.75,1987
Wheat,Pabna,122160,71130,14.35,1987
Wheat,Patuakhali,350,210,26.5,1987
Wheat,Rajshahi,128065,93210,3.25,1987
Wheat,Rangamati,10,5,38.25,1987
Wheat,Rangpur,186775,131130,6.5,1987
Wheat,Sylhet,16360,10525,21.5,1987
Wheat,Tangail,60735,39740,18,1987
Wheat,Bandarban,0,0,33.35,1988
Wheat,Barisal,12750,8950,33.75,1988
Wheat,Bogra,49840,39175,30.5,1988
Wheat,Chittagonj,0,0,21,1988
Wheat,Comilla,161055,112590,19,1988
Wheat,Dhaka,75720,51550,50,1988
Wheat,Dinajpur,149710,110010,6,1988
Wheat,Faridpur,119490,82420,48,1988
Wheat,Jamalpur,47280,36850,33.35,1988
Wheat,Jessore,110000,91245,31.75,1988
Wheat,Khagrachari,0,0,33.35,1988
Wheat,Khulna,8620,7330,47.5,1988
Wheat,Kishoregonj,27720,21470,33.35,1988
Wheat,Kustia,107700,96195,33.35,1988
Wheat,Mymensingh,27950,20705,44.5,1988
Wheat,Noakhali,2070,1250,29.75,1988
Wheat,Pabna,128270,73295,33.35,1988
Wheat,Patuakhali,330,215,46.5,1988
Wheat,Rajshahi,115260,87160,14.5,1988
Wheat,Rangamati,0,0,13.75,1988
Wheat,Rangpur,173105,133315,17.25,1988
Wheat,Sylhet,15540,11195,57.75,1988
Wheat,Tangail,51620,37030,55.5,1988
Wheat,Bandarban,0,0,7.08,1989
Wheat,Barisal,16830,8670,3.5,1989
Wheat,Bogra,50110,38560,5,1989
Wheat,Chittagonj,40,30,4,1989
Wheat,Comilla,156300,86850,4.5,1989
Wheat,Dhaka,79510,48360,11,1989
Wheat,Dinajpur,187310,134440,8,1989
Wheat,Faridpur,121380,57000,3.5,1989
Wheat,Jamalpur,53150,33650,7.08,1989
Wheat,Jessore,113280,66250,3,1989
Wheat,Khagrachari,0,0,7.08,1989
Wheat,Khulna,9080,6460,2.25,1989
Wheat,Kishoregonj,26070,16800,7.08,1989
Wheat,Kustia,114160,67530,7.08,1989
Wheat,Mymensingh,29680,18960,7.08,1989
Wheat,Noakhali,3850,1890,6.25,1989
Wheat,Pabna,148260,68780,7.08,1989
Wheat,Patuakhali,290,120,0.75,1989
Wheat,Rajshahi,119770,78540,5,1989
Wheat,Rangamati,0,0,12.75,1989
Wheat,Rangpur,162160,116940,7.75,1989
Wheat,Sylhet,16930,8480,18.5,1989
Wheat,Tangail,54900,31690,17.5,1989
Wheat,Bandarban,0,0,30.26,1990
Wheat,Barisal,9850,4790,44.75,1990
Wheat,Bogra,51470,40670,7.75,1990
Wheat,Chittagonj,0,0,37.25,1990
Wheat,Comilla,136430,81130,29.75,1990
Wheat,Dhaka,79530,50230,36.25,1990
Wheat,Dinajpur,206970,156600,1.5,1990
Wheat,Faridpur,112820,67550,22,1990
Wheat,Jamalpur,57450,39270,30.26,1990
Wheat,Jessore,106010,74230,47.5,1990
Wheat,Khagrachari,0,0,30.26,1990
Wheat,Khulna,7760,5070,35.75,1990
Wheat,Kishoregonj,26510,17470,30.26,1990
Wheat,Kustia,111310,72380,30.26,1990
Wheat,Mymensingh,30600,20300,22.75,1990
Wheat,Noakhali,810,210,67.75,1990
Wheat,Pabna,175500,118640,30.26,1990
Wheat,Patuakhali,540,240,52.25,1990
Wheat,Rajshahi,125510,92290,12.75,1990
Wheat,Rangamati,10,0,41.75,1990
Wheat,Rangpur,172440,122490,14.5,1990
Wheat,Sylhet,21070,12140,22.5,1990
Wheat,Tangail,47460,28590,17.75,1990
Wheat,Bandarban,15,10,29.9,1991
Wheat,Barisal,8860,4660,23.5,1991
Wheat,Bogra,39930,33700,32.5,1991
Wheat,Chittagonj,15,10,32.75,1991
Wheat,Comilla,103040,76730,56.25,1991
Wheat,Dhaka,76450,61290,38.75,1991
Wheat,Dinajpur,184920,146390,18.75,1991
Wheat,Faridpur,110100,72980,47.5,1991
Wheat,Jamalpur,57910,42060,29.9,1991
Wheat,Jessore,103040,75490,27.5,1991
Wheat,Khagrachari,0,0,29.9,1991
Wheat,Khulna,8110,5740,28.75,1991
Wheat,Kishoregonj,31440,23940,29.9,1991
Wheat,Kustia,113200,80530,29.9,1991
Wheat,Mymensingh,25290,19390,23.5,1991
Wheat,Noakhali,1080,410,33,1991
Wheat,Pabna,184190,137770,29.9,1991
Wheat,Patuakhali,190,80,7.25,1991
Wheat,Rajshahi,142500,104670,24.5,1991
Wheat,Rangamati,40,10,29,1991
Wheat,Rangpur,163940,134690,17,1991
Wheat,Sylhet,18560,10840,36.75,1991
Wheat,Tangail,47170,33660,31,1991
Wheat,Bandarban,120,70,20.09,1992
Wheat,Barisal,11450,8380,27.5,1992
Wheat,Bogra,39590,35390,4.25,1992
Wheat,Chittagonj,30,10,39.25,1992
Wheat,Comilla,108410,85210,16.5,1992
Wheat,Dhaka,79740,57410,12.5,1992
Wheat,Dinajpur,230760,171450,5.5,1992
Wheat,Faridpur,112350,664380,16.25,1992
Wheat,Jamalpur,69420,51160,20.09,1992
Wheat,Jessore,122510,98250,26.75,1992
Wheat,Khagrachari,10,10,20.09,1992
Wheat,Khulna,4410,3640,54,1992
Wheat,Kishoregonj,33650,25000,20.09,1992
Wheat,Kustia,121100,117590,20.09,1992
Wheat,Mymensingh,33010,23600,11,1992
Wheat,Noakhali,2240,1070,27,1992
Wheat,Pabna,204580,139110,20.09,1992
Wheat,Patuakhali,760,220,26.5,1992
Wheat,Rajshahi,149520,124400,9.75,1992
Wheat,Rangamati,70,60,30,1992
Wheat,Rangpur,177730,112860,7.25,1992
Wheat,Sylhet,19580,14470,14.5,1992
Wheat,Tangail,52890,41890,13,1992
Wheat,Bandarban,0,0,23.38,1993
Wheat,Barisal,12430,8620,14.25,1993
Wheat,Bogra,41150,36830,18.75,1993
Wheat,Chittagonj,40,20,23.5,1993
Wheat,Comilla,112450,92250,42.5,1993
Wheat,Dhaka,77320,57660,17.75,1993
Wheat,Dinajpur,213690,152900,14.25,1993
Wheat,Faridpur,94180,71850,14.25,1993
Wheat,Jamalpur,63340,45340,23.38,1993
Wheat,Jessore,125000,95500,9.25,1993
Wheat,Khagrachari,0,0,23.38,1993
Wheat,Khulna,6650,6260,34,1993
Wheat,Kishoregonj,34450,24650,23.38,1993
Wheat,Kustia,113260,98710,23.38,1993
Wheat,Mymensingh,31800,22250,20.5,1993
Wheat,Noakhali,3090,2130,39.5,1993
Wheat,Pabna,198610,133510,23.38,1993
Wheat,Patuakhali,1250,610,24,1993
Wheat,Rajshahi,150310,119220,14.75,1993
Wheat,Rangamati,210,180,40,1993
Wheat,Rangpur,163420,109060,18.75,1993
Wheat,Sylhet,18610,10900,46.5,1993
Wheat,Tangail,58860,42600,5,1993
Wheat,Bandarban,0,0,11.41,1994
Wheat,Barisal,14900,11140,6,1994
Wheat,Bogra,400990,39670,11.25,1994
Wheat,Chittagonj,140,70,8.75,1994
Wheat,Comilla,110500,103900,5.5,1994
Wheat,Dhaka,80430,59920,20.25,1994
Wheat,Dinajpur,221290,158840,11.25,1994
Wheat,Faridpur,102500,69060,11,1994
Wheat,Jamalpur,65180,51870,11.41,1994
Wheat,Jessore,148550,133520,10.75,1994
Wheat,Khagrachari,0,0,11.41,1994
Wheat,Khulna,8110,7360,5.25,1994
Wheat,Kishoregonj,32910,23320,11.41,1994
Wheat,Kustia,117410,104130,11.41,1994
Wheat,Mymensingh,29340,19770,16.75,1994
Wheat,Noakhali,4750,2790,2.75,1994
Wheat,Pabna,210980,144590,11.41,1994
Wheat,Patuakhali,5,3,6.5,1994
Wheat,Rajshahi,151210,122480,19,1994
Wheat,Rangamati,150,130,5.75,1994
Wheat,Rangpur,166620,136830,11.25,1994
Wheat,Sylhet,19180,12980,17.5,1994
Wheat,Tangail,54890,42620,24.5,1994
Wheat,Bandarban,0,0,45.63,1995
Wheat,Barisal,14380,10150,54,1995
Wheat,Bogra,48700,46860,26.25,1995
Wheat,Chittagonj,260,130,83.75,1995
Wheat,Comilla,115590,104110,44,1995
Wheat,Dhaka,84420,69240,38,1995
Wheat,Dinajpur,230650,168750,23.5,1995
Wheat,Faridpur,124690,89640,28.5,1995
Wheat,Jamalpur,68810,52450,45.63,1995
Wheat,Jessore,161840,141540,39.5,1995
Wheat,Khagrachari,0,0,45.63,1995
Wheat,Khulna,12460,10970,70.5,1995
Wheat,Kishoregonj,35700,26460,45.63,1995
Wheat,Kustia,124770,107540,45.63,1995
Wheat,Mymensingh,35740,24490,32.5,1995
Wheat,Noakhali,1320,700,71,1995
Wheat,Pabna,237860,162300,45.63,1995
Wheat,Patuakhali,5,3,79,1995
Wheat,Rajshahi,180590,154100,23.25,1995
Wheat,Rangamati,20,20,57,1995
Wheat,Rangpur,180560,145920,29.5,1995
Wheat,Sylhet,9870,7040,35.25,1995
Wheat,Tangail,61200,46720,40.25,1995
Wheat,Bandarban,0,0,10.59,1996
Wheat,Barisal,15570,11290,6,1996
Wheat,Bogra,52830,50920,7.75,1996
Wheat,Chittagonj,325,160,27.5,1996
Wheat,Comilla,119670,105780,6.25,1996
Wheat,Dhaka,89640,71440,5.25,1996
Wheat,Dinajpur,247920,197850,5,1996
Wheat,Faridpur,132660,101610,4.25,1996
Wheat,Jamalpur,70890,55670,10.59,1996
Wheat,Jessore,148040,134780,16,1996
Wheat,Khagrachari,0,0,10.59,1996
Wheat,Khulna,7590,6770,6.5,1996
Wheat,Kishoregonj,35840,27960,10.59,1996
Wheat,Kustia,127250,117700,10.59,1996
Wheat,Mymensingh,27690,17990,3.5,1996
Wheat,Noakhali,1410,850,4.5,1996
Wheat,Pabna,244210,192250,10.59,1996
Wheat,Patuakhali,0,0,20,1996
Wheat,Rajshahi,178450,152540,5.25,1996
Wheat,Rangamati,15,10,25.75,1996
Wheat,Rangpur,182460,157800,3.25,1996
Wheat,Sylhet,4400,2820,19.5,1996
Wheat,Tangail,6220,47910,13.75,1996
Wheat,Bandarban,0,0,15.88,1997
Wheat,Barisal,16790,12200,13.5,1997
Wheat,Bogra,56770,55120,12.5,1997
Wheat,Chittagonj,350,220,21.25,1997
Wheat,Comilla,133090,119970,12.5,1997
Wheat,Dhaka,97810,84850,8,1997
Wheat,Dinajpur,310560,293870,17,1997
Wheat,Faridpur,141040,118820,27,1997
Wheat,Jamalpur,80720,74060,15.88,1997
Wheat,Jessore,165600,155150,20.5,1997
Wheat,Khagrachari,12,5,15.88,1997
Wheat,Khulna,8360,7540,13.25,1997
Wheat,Kishoregonj,40270,33130,15.88,1997
Wheat,Kustia,143020,134260,15.88,1997
Wheat,Mymensingh,33450,25100,11.25,1997
Wheat,Noakhali,1810,1240,10.75,1997
Wheat,Pabna,253420,227880,15.88,1997
Wheat,Patuakhali,2,1,13.5,1997
Wheat,Rajshahi,200800,183640,27.25,1997
Wheat,Rangamati,16,10,12.25,1997
Wheat,Rangpur,228340,215210,15.5,1997
Wheat,Sylhet,5070,3620,17.25,1997
Wheat,Tangail,71120,56920,16.75,1997
Wheat,Bandarban,0,0,37.64,1998
Wheat,Barisal,27420,17750,118,1998
Wheat,Bogra,57420,54030,8.25,1998
Wheat,Chittagonj,370,230,58.25,1998
Wheat,Comilla,149290,126000,49.75,1998
Wheat,Dhaka,105630,88080,34,1998
Wheat,Dinajpur,345170,316180,4.75,1998
Wheat,Faridpur,153260,123860,41.5,1998
Wheat,Jamalpur,93630,80170,37.64,1998
Wheat,Jessore,164060,152240,47,1998
Wheat,Khagrachari,10,5,37.64,1998
Wheat,Khulna,9390,8410,70.5,1998
Wheat,Kishoregonj,46570,37320,37.64,1998
Wheat,Kustia,148720,140500,37.64,1998
Wheat,Mymensingh,35630,26270,12.75,1998
Wheat,Noakhali,3100,2140,62.25,1998
Wheat,Pabna,260820,230150,37.64,1998
Wheat,Patuakhali,60,40,50.75,1998
Wheat,Rajshahi,217610,187070,13.5,1998
Wheat,Rangamati,20,20,29.75,1998
Wheat,Rangpur,273260,249900,3,1998
Wheat,Sylhet,5600,4030,16,1998
Wheat,Tangail,82600,64040,20,1998
Wheat,Bandarban,0,0,7.6,1999
Wheat,Barisal,27840,19220,0.75,1999
Wheat,Bogra,57500,56490,7.6,1999
Wheat,Chittagonj,200,90,27.25,1999
Wheat,Comilla,121970,99860,10.75,1999
Wheat,Dhaka,102700,82530,3.25,1999
Wheat,Dinajpur,364160,351820,1.25,1999
Wheat,Faridpur,151430,118930,1,1999
Wheat,Jamalpur,84170,66960,7.6,1999
Wheat,Jessore,148520,136810,7.6,1999
Wheat,Khagrachari,30,10,7.6,1999
Wheat,Khulna,5690,5360,3.5,1999
Wheat,Kishoregonj,41480,32030,7.6,1999
Wheat,Kustia,110890,108810,7.6,1999
Wheat,Mymensingh,31090,22610,0.25,1999
Wheat,Noakhali,4000,1820,22.25,1999
Wheat,Pabna,240260,219350,7.6,1999
Wheat,Patuakhali,20,10,3.25,1999
Wheat,Rajshahi,241260,227570,0.25,1999
Wheat,Rangamati,10,10,29.5,1999
Wheat,Rangpur,240870,229260,2,1999
Wheat,Sylhet,4470,3640,0,1999
Wheat,Tangail,78390,56790,8.75,1999
Wheat,Bandarban,0,0,14.16,2000
Wheat,Barisal,27910,20720,11.25,2000
Wheat,Bogra,43480,39000,13.75,2000
Wheat,Chittagonj,150,60,8,2000
Wheat,Comilla,116260,88750,25,2000
Wheat,Dhaka,92760,72300,14.25,2000
Wheat,Dinajpur,344930,324590,7.5,2000
Wheat,Faridpur,136290,97470,18.5,2000
Wheat,Jamalpur,75750,66450,14.16,2000
Wheat,Jessore,133170,121840,5,2000
Wheat,Khagrachari,30,10,14.16,2000
Wheat,Khulna,5220,4460,5,2000
Wheat,Kishoregonj,33260,23860,14.16,2000
Wheat,Kustia,125190,120000,14.16,2000
Wheat,Mymensingh,27900,18830,9.5,2000
Wheat,Noakhali,2290,970,26,2000
Wheat,Pabna,216230,191530,14.16,2000
Wheat,Patuakhali,0,0,32.25,2000
Wheat,Rajshahi,226520,211810,12.75,2000
Wheat,Rangamati,10,10,21.75,2000
Wheat,Rangpur,226420,217970,4,2000
Wheat,Sylhet,5070,4000,12.75,2000
Wheat,Tangail,70450,48650,13.5,2000
Wheat,Bandarban,0,0,15.41,2001
Wheat,Barisal,17150,11540,21,2001
Wheat,Bogra,50490,45760,2,2001
Wheat,Chittagonj,140,50,23.25,2001
Wheat,Comilla,110120,78880,21.25,2001
Wheat,Dhaka,97730,75290,4.75,2001
Wheat,Dinajpur,353560,337190,13.25,2001
Wheat,Faridpur,130860,93300,11.5,2001
Wheat,Jamalpur,79960,63190,15.41,2001
Wheat,Jessore,122840,113990,3.5,2001
Wheat,Khagrachari,20,10,15.41,2001
Wheat,Khulna,5460,4760,23.75,2001
Wheat,Kishoregonj,22210,16790,15.41,2001
Wheat,Kustia,112420,104400,15.41,2001
Wheat,Mymensingh,19560,14240,5.5,2001
Wheat,Noakhali,2140,960,15,2001
Wheat,Pabna,208240,187330,15.41,2001
Wheat,Patuakhali,0,0,26.25,2001
Wheat,Rajshahi,218820,205510,0.25,2001
Wheat,Rangamati,0,0,27.25,2001
Wheat,Rangpur,210460,201500,2,2001
Wheat,Sylhet,8940,7620,49.5,2001
Wheat,Tangail,61990,43450,12,2001
Wheat,Bandarban,0,0,23.04,2002
Wheat,Barisal,15510,11500,27.75,2002
Wheat,Bogra,45850,41620,7,2002
Wheat,Chittagonj,140,50,34.75,2002
Wheat,Comilla,118100,86620,28,2002
Wheat,Dhaka,82130,62080,15.5,2002
Wheat,Dinajpur,343620,317450,8,2002
Wheat,Faridpur,104190,73700,37.25,2002
Wheat,Jamalpur,76770,64130,23.04,2002
Wheat,Jessore,115180,109500,32.5,2002
Wheat,Khagrachari,0,0,23.04,2002
Wheat,Khulna,5700,4890,46,2002
Wheat,Kishoregonj,25480,19460,23.04,2002
Wheat,Kustia,106240,84670,23.04,2002
Wheat,Mymensingh,19640,14710,23.25,2002
Wheat,Noakhali,2550,1600,22.25,2002
Wheat,Pabna,202190,181130,23.04,2002
Wheat,Patuakhali,0,0,6.25,2002
Wheat,Rajshahi,212510,199100,7,2002
Wheat,Rangamati,0,0,27.5,2002
Wheat,Rangpur,196650,183880,5.25,2002
Wheat,Sylhet,8640,6980,37.5,2002
Wheat,Tangail,64660,43640,26,2002
Wheat,Bagerhat,204,172,12.23,2003
Wheat,Bandarban Region,0,0,12.23,2003
Wheat,Barguna,0,0,12.23,2003
Wheat,Barisal,2054,1522,8,2003
Wheat,Barisal Region,10130,7490,8,2003
Wheat,Bhola,7984,5897,8.5,2003
Wheat,Bogra,17413,14884,17.5,2003
Wheat,Bogra Region,36680,30750,17.5,2003
Wheat,Brahmanbaria,25395,16902,12.23,2003
Wheat,Chandpur,22314,19327,9.75,2003
Wheat,Chittagong,130,90,12.23,2003
Wheat,Chittagong Region,130,90,12.23,2003
Wheat,Chuadanga,25525,21716,12.23,2003
Wheat,Comilla,40861,30951,26,2003
Wheat,Comilla Region,88570,67180,12.23,2003
Wheat,Cox's Bazar,0,0,1.75,2003
Wheat,Dhaka,8367,5935,17.5,2003
Wheat,Dhaka Region,65700,47230,17.5,2003
Wheat,Dinajpur,138007,99212,19,2003
Wheat,Dinajpur Region,327170,216280,19,2003
Wheat,Faridpur,36004,29210,34.75,2003
Wheat,Faridpur Region,93770,69480,34.75,2003
Wheat,Feni,74,61,15.5,2003
Wheat,Gaibanda,22752,18743,12.23,2003
Wheat,Gazipur,2752,1944,12.23,2003
Wheat,Gopalgonj,7206,4714,12.23,2003
Wheat,Hobigonj,3565,2951,12.23,2003
Wheat,Jalakati,41,31,12.23,2003
Wheat,Jamalpur,47503,39390,12.23,2003
Wheat,Jamalpur Region,69090,57790,12.23,2003
Wheat,Jessore,30020,29845,7.5,2003
Wheat,Jessore Region,97900,88000,12.23,2003
Wheat,Jhenaidah,35283,30761,12.23,2003
Wheat,Joypurhat,19267,15866,12.23,2003
Wheat,Khagrachari Region,0,0,12.23,2003
Wheat,Khulna,398,349,5.5,2003
Wheat,Khulna Region,4810,4360,12.23,2003
Wheat,Kishoregonj,15842,11973,12.23,2003
Wheat,Kishoregonj Region,20380,15240,12.23,2003
Wheat,Kurigram,47071,34074,12.23,2003
Wheat,Kustia,45739,39257,12.23,2003
Wheat,Kustia  Region,102360,89330,12.23,2003
Wheat,Lakshmipur,351,251,12.23,2003
Wheat,Lalmonirhat,20664,15674,12.23,2003
Wheat,Madaripur,7258,4748,8.25,2003
Wheat,Magura,24814,19962,12.23,2003
Wheat,Manikgonj,34131,25370,12.23,2003
Wheat,Maulavibazar,496,447,12.23,2003
Wheat,Meherpur,31096,28357,12.23,2003
Wheat,Munsigonj,3086,2303,12.23,2003
Wheat,Mymenshing,0,0,9.25,2003
Wheat,Narail,7783,7432,12.23,2003
Wheat,Narayangonj,13425,8659,12.23,2003
Wheat,Narsingdi,3939,3019,12.23,2003
Wheat,Natore,58987,62604,12.23,2003
Wheat,Nawabgonj,23794,23409,12.23,2003
Wheat,Netrokona,4538,3267,12.23,2003
Wheat,Nilphamari,33517,22930,12.23,2003
Wheat,Noagaon,49147,42124,12.23,2003
Wheat,Noakhali,55,38,15.5,2003
Wheat,Noakhali Region,480,350,15.5,2003
Wheat,Pabna,136249,116625,12.23,2003
Wheat,Pabna Region,210460,171970,12.23,2003
Wheat,Panchagar,58986,37853,12.23,2003
Wheat,Patuakhali,0,0,1.5,2003
Wheat,Patuakhali Region,0,0,1.5,2003
Wheat,Perojpur,51,40,12.23,2003
Wheat,Rajbari,29370,20607,12.23,2003
Wheat,Rajshahi,66562,66353,6.75,2003
Wheat,Rajshahi Region,198490,194490,6.75,2003
Wheat,Rangamati Region,10,10,12.23,2003
Wheat,Rangpur,52976,47639,13.75,2003
Wheat,Rangpur Region,176980,139060,13.75,2003
Wheat,Satkhira,4208,3839,6.25,2003
Wheat,Shariatpur,13932,10201,12.23,2003
Wheat,Sherpur,21587,18400,12.23,2003
Wheat,Sirajgonj,74211,55345,12.23,2003
Wheat,Sunamgonj,1472,1151,12.23,2003
Wheat,Sylhet,947,801,1.75,2003
Wheat,Sylhet Region,6480,5350,1.75,2003
Wheat,Tangail Region,58190,37140,9,2003
Wheat,Thakurgaon,130177,79215,12.23,2003
Wheat,Bagerhat,186,106,1.34,2004
Wheat,Bandarban Region,0,0,1.34,2004
Wheat,Barguna,0,0,1.34,2004
Wheat,Barisal,2178,1389,0,2004
Wheat,Barisal Region,9903,5558,0,2004
Wheat,Bhola,7620,4110,0.25,2004
Wheat,Bogra,14884,12813,0,2004
Wheat,Bogra Region,30750,24931,0,2004
Wheat,Brahmanbaria,22184,14615,1.34,2004
Wheat,Chandpur,19401,11145,1.34,2004
Wheat,Chittagong,85,38,1.34,2004
Wheat,Chittagong Region,85,38,1.34,2004
Wheat,Chuadanga,28062,19525,1.34,2004
Wheat,Comilla,36005,24312,1.25,2004
Wheat,Comilla Region,77590,50072,1.25,2004
Wheat,Cox's Bazar,0,0,0,2004
Wheat,Dhaka,6549,4642,0,2004
Wheat,Dhaka Region,49204,32143,0,2004
Wheat,Dinajpur,99212,105598,2.5,2004
Wheat,Dinajpur Region,216280,276972,2.5,2004
Wheat,Faridpur,39927,23801,1.25,2004
Wheat,Faridpur Region,103650,64992,1.25,2004
Wheat,Feni,61,52,0,2004
Wheat,Gaibanda,18743,19920,1.34,2004
Wheat,Gazipur,1956,1572,1.34,2004
Wheat,Gopalgonj,7284,5008,1.34,2004
Wheat,Hobigonj,2693,2115,1.34,2004
Wheat,Jalakati,45,26,1.34,2004
Wheat,Jamalpur,33807,24040,1.34,2004
Wheat,Jamalpur Region,54307,40500,1.34,2004
Wheat,Jessore,22835,15496,0.75,2004
Wheat,Jessore Region,75599,46582,0.75,2004
Wheat,Jhenaidah,24811,14022,1.34,2004
Wheat,Joypurhat,15866,12118,1.34,2004
Wheat,Khagrachari Region,0,0,1.34,2004
Wheat,Khulna,317,245,0,2004
Wheat,Khulna Region,5128,3990,0,2004
Wheat,Kishoregonj,11494,7161,0,2004
Wheat,Kishoregonj Region,15871,9692,0,2004
Wheat,Kurigram,34074,37765,1.34,2004
Wheat,Kustia,45441,25155,1.34,2004
Wheat,Kustia  Region,94797,53781,1.34,2004
Wheat,Lakshmipur,382,199,1.34,2004
Wheat,Lalmonirhat,15674,17930,1.34,2004
Wheat,Madaripur,6864,4627,3,2004
Wheat,Magura,22160,13053,1.34,2004
Wheat,Manikgonj,24858,13454,1.34,2004
Wheat,Maulavibazar,398,302,1.34,2004
Wheat,Meherpur,21294,9101,1.34,2004
Wheat,Munsigonj,2112,1786,1.34,2004
Wheat,Mymenshing,0,0,6.5,2004
Wheat,Narail,5793,4011,1.34,2004
Wheat,Narayangonj,10298,7984,1.34,2004
Wheat,Narsingdi,3431,2705,1.34,2004
Wheat,Natore,62604,61048,1.34,2004
Wheat,Nawabgonj,23409,23096,1.34,2004
Wheat,Netrokona,4377,2531,1.34,2004
Wheat,Nilphamari,22930,23895,1.34,2004
Wheat,Noagaon,42124,50660,1.34,2004
Wheat,Noakhali,85,44,0,2004
Wheat,Noakhali Region,528,295,0,2004
Wheat,Pabna,116625,127618,1.34,2004
Wheat,Pabna Region,171970,196353,1.34,2004
Wheat,Panchagar,37853,49332,1.34,2004
Wheat,Patuakhali,0,0,0.25,2004
Wheat,Patuakhali Region,0,0,0.25,2004
Wheat,Perojpur,60,33,1.34,2004
Wheat,Rajbari,33080,18608,1.34,2004
Wheat,Rajshahi,66353,55419,2.5,2004
Wheat,Rajshahi Region,194490,190223,2.5,2004
Wheat,Rangamati Region,10,7,0,2004
Wheat,Rangpur,47639,44456,3,2004
Wheat,Rangpur Region,139060,143966,3,2004
Wheat,Satkhira,4625,3639,0,2004
Wheat,Shariatpur,16495,12948,1.34,2004
Wheat,Sherpur,20500,16460,1.34,2004
Wheat,Sirajgonj,55345,68735,1.34,2004
Wheat,Sunamgonj,2560,1661,1.34,2004
Wheat,Sylhet,579,441,6.5,2004
Wheat,Sylhet Region,6230,4519,6.5,2004
Wheat,Tangail Region,37464,19536,2.5,2004
Wheat,Thakurgaon,79215,122042,1.34,2004
Wheat,Bagerhat,152,67,8.53,2005
Wheat,Bandarban Region,0,0,8.53,2005
Wheat,Barguna,0,0,8.53,2005
Wheat,Barisal,1230,776,3.5,2005
Wheat,Barisal Region,7442,4022,3.5,2005
Wheat,Bhola,6212,3246,3.75,2005
Wheat,Bogra,7414,5089,3.75,2005
Wheat,Bogra Region,16096,11324,3.75,2005
Wheat,Brahmanbaria,28180,13769,8.53,2005
Wheat,Chandpur,14398,6976,2.25,2005
Wheat,Chittagong,59,19,8.53,2005
Wheat,Chittagong Region,59,19,8.53,2005
Wheat,Chuadanga,17439,12980,8.53,2005
Wheat,Comilla,29484,14692,2.25,2005
Wheat,Comilla Region,72062,35437,2.25,2005
Wheat,Cox's Bazar,0,0,13.5,2005
Wheat,Dhaka,3221,1921,1.75,2005
Wheat,Dhaka Region,36170,20552,1.75,2005
Wheat,Dinajpur,86966,54179,6,2005
Wheat,Dinajpur Region,251198,147945,6,2005
Wheat,Faridpur,40927,23053,4,2005
Wheat,Faridpur Region,107901,62777,4,2005
Wheat,Feni,58,46,8.25,2005
Wheat,Gaibanda,14180,6203,8.53,2005
Wheat,Gazipur,1835,1218,8.53,2005
Wheat,Gopalgonj,7688,4643,8.53,2005
Wheat,Hobigonj,1090,744,8.53,2005
Wheat,Jalakati,0,0,8.53,2005
Wheat,Jamalpur,17462,9340,8.53,2005
Wheat,Jamalpur Region,30730,18398,8.53,2005
Wheat,Jessore,18029,14610,12.75,2005
Wheat,Jessore Region,71820,51055,12.75,2005
Wheat,Jhenaidah,24140,16247,8.53,2005
Wheat,Joypurhat,8682,6235,8.53,2005
Wheat,Khagrachari Region,0,0,8.53,2005
Wheat,Khulna,258,164,3.75,2005
Wheat,Khulna Region,4299,2866,3.75,2005
Wheat,Kishoregonj,10530,5283,8.53,2005
Wheat,Kishoregonj Region,15008,7209,8.53,2005
Wheat,Kurigram,39820,20453,8.53,2005
Wheat,Kustia,40448,23795,8.53,2005
Wheat,Kustia  Region,84099,60296,8.53,2005
Wheat,Lakshmipur,370,140,8.53,2005
Wheat,Lalmonirhat,12170,6242,8.53,2005
Wheat,Madaripur,8710,5351,91.5,2005
Wheat,Magura,24502,17121,8.53,2005
Wheat,Manikgonj,19161,9856,8.53,2005
Wheat,Maulavibazar,356,160,8.53,2005
Wheat,Meherpur,26212,23521,8.53,2005
Wheat,Munsigonj,1890,1468,8.53,2005
Wheat,Mymenshing,0,0,7.5,2005
Wheat,Narail,5149,3077,8.53,2005
Wheat,Narayangonj,7622,3985,8.53,2005
Wheat,Narsingdi,3341,2104,8.53,2005
Wheat,Natore,56523,35678,8.53,2005
Wheat,Nawabgonj,16802,13999,8.53,2005
Wheat,Netrokona,4478,1926,8.53,2005
Wheat,Nilphamari,28368,14020,8.53,2005
Wheat,Noagaon,43309,29147,8.53,2005
Wheat,Noakhali,54,15,8.53,2005
Wheat,Noakhali Region,482,201,8.53,2005
Wheat,Pabna,113830,85999,8.53,2005
Wheat,Pabna Region,129231,95927,8.53,2005
Wheat,Panchagar,44828,25752,8.53,2005
Wheat,Patuakhali,0,0,7.25,2005
Wheat,Patuakhali Region,0,0,7.25,2005
Wheat,Perojpur,0,0,8.53,2005
Wheat,Rajbari,35896,20206,8.53,2005
Wheat,Rajshahi,67046,48952,3.75,2005
Wheat,Rajshahi Region,183680,127776,3.75,2005
Wheat,Rangamati Region,10,6,15.5,2005
Wheat,Rangpur,29720,18194,5,2005
Wheat,Rangpur Region,124258,65112,5,2005
Wheat,Region,12964,6383,8.53,2005
Wheat,Satkhira,3889,2635,4,2005
Wheat,Shariatpur,14680,9524,8.53,2005
Wheat,Sherpur,13268,9058,8.53,2005
Wheat,Sirajgonj,15401,9928,8.53,2005
Wheat,Sunamgonj,2456,1258,8.53,2005
Wheat,Sylhet,350,211,12,2005
Wheat,Sylhet Region,4252,2373,12,2005
Wheat,Tangail Region,31962,15784,4,2005
Wheat,Thakurgaon,119404,68014,8.53,2005
Wheat,Bagerhat,190,131,2.77,2006
Wheat,Bandarban Region,0,0,2.77,2006
Wheat,Barguna,0,0,2.77,2006
Wheat,Barisal,1340,861,0.5,2006
Wheat,Barisal Region,9195,5833,0.5,2006
Wheat,Bhola,7840,4966,0,2006
Wheat,Bogra,3115,2173,0.25,2006
Wheat,Bogra Region,9015,6569,0.25,2006
Wheat,Brahmanbaria,18695,10147,2.77,2006
Wheat,Chandpur,11615,7860,0,2006
Wheat,Chittagong,20,7,2.77,2006
Wheat,Chittagong Region,20,7,2.77,2006
Wheat,Chuadanga,15780,13442,2.77,2006
Wheat,Comilla,17480,10681,0.25,2006
Wheat,Comilla Region,47790,28688,0.25,2006
Wheat,Cox's Bazar,0,0,2.5,2006
Wheat,Dhaka,1990,1126,1.25,2006
Wheat,Dhaka Region,23770,15429,1.25,2006
Wheat,Dinajpur,56495,37579,7.75,2006
Wheat,Dinajpur Region,192415,161105,7.75,2006
Wheat,Faridpur,44275,30012,0.25,2006
Wheat,Faridpur Region,107755,69729,0.25,2006
Wheat,Feni,120,88,0,2006
Wheat,Gaibanda,11555,7332,2.77,2006
Wheat,Gazipur,1060,736,2.77,2006
Wheat,Gopalgonj,7440,4743,2.77,2006
Wheat,Hobigonj,1150,819,2.77,2006
Wheat,Jalakati,5,2,2.77,2006
Wheat,Jamalpur,13425,7562,2.77,2006
Wheat,Jamalpur Region,21175,13084,2.77,2006
Wheat,Jessore,14800,13673,3.25,2006
Wheat,Jessore Region,64530,51106,3.25,2006
Wheat,Jhenaidah,23425,17759,2.77,2006
Wheat,Joypurhat,5900,4396,2.77,2006
Wheat,Khagrachari Region,0,0,2.77,2006
Wheat,Khulna,300,194,0.25,2006
Wheat,Khulna Region,4220,2853,0.25,2006
Wheat,Kishoregonj,7610,4417,2.77,2006
Wheat,Kishoregonj Region,11040,6686,2.77,2006
Wheat,Kurigram,33325,23995,2.77,2006
Wheat,Kustia,35125,24597,2.77,2006
Wheat,Kustia  Region,72015,56241,2.77,2006
Wheat,Lakshmipur,355,262,2.77,2006
Wheat,Lalmonirhat,5430,3586,2.77,2006
Wheat,Madaripur,8830,5478,0.25,2006
Wheat,Magura,21350,16154,2.77,2006
Wheat,Manikgonj,9780,5556,2.77,2006
Wheat,Maulavibazar,260,191,2.77,2006
Wheat,Meherpur,21110,18202,2.77,2006
Wheat,Munsigonj,1620,1169,2.77,2006
Wheat,Mymenshing,0,0,0,2006
Wheat,Narail,4955,3520,2.77,2006
Wheat,Narayangonj,6650,4962,2.77,2006
Wheat,Narsingdi,2670,1880,2.77,2006
Wheat,Natore,56575,48297,2.77,2006
Wheat,Nawabgonj,17375,15228,2.77,2006
Wheat,Netrokona,3430,2269,2.77,2006
Wheat,Nilphamari,23530,16749,2.77,2006
Wheat,Noagaon,39850,27325,2.77,2006
Wheat,Noakhali,65,38,0,2006
Wheat,Noakhali Region,540,388,0,2006
Wheat,Pabna,105185,80018,2.77,2006
Wheat,Pabna Region,115510,86986,2.77,2006
Wheat,Panchagar,27340,20053,2.77,2006
Wheat,Patuakhali,0,0,0.75,2006
Wheat,Patuakhali Region,0,0,0.75,2006
Wheat,Perojpur,10,4,2.77,2006
Wheat,Rajbari,35720,20867,2.77,2006
Wheat,Rajshahi,62965,48464,2.5,2006
Wheat,Rajshahi Region,176765,139314,2.5,2006
Wheat,Rangamati Region,10,6,4.75,2006
Wheat,Rangpur,24095,17331,8.5,2006
Wheat,Rangpur Region,97935,68993,8.5,2006
Wheat,Satkhira,3730,2528,0,2006
Wheat,Shariatpur,11490,8629,2.77,2006
Wheat,Sherpur,7750,5522,2.77,2006
Wheat,Sirajgonj,10325,6968,2.77,2006
Wheat,Sunamgonj,385,243,2.77,2006
Wheat,Sylhet,355,174,19.25,2006
Wheat,Sylhet Region,2150,1427,19.25,2006
Wheat,Tangail Region,21890,16048,0,2006
Wheat,Thakurgaon,108580,103473,2.77,2006
Wheat,Bagerhat,225,165,34.27,2007
Wheat,Bandarban Region,0,0,34.27,2007
Wheat,Barguna,40,32,34.27,2007
Wheat,Barisal,1715,1290,41.75,2007
Wheat,Barisal Region,9240,7158,41.75,2007
Wheat,Bhola,7490,5846,44.75,2007
Wheat,Bogra,3015,2458,8.25,2007
Wheat,Bogra Region,7815,6131,8.25,2007
Wheat,Brahmanbaria,21970,12326,34.27,2007
Wheat,Chandpur,10265,7169,41.5,2007
Wheat,Chittagong,30,14,34.27,2007
Wheat,Chittagong Region,30,14,34.27,2007
Wheat,Chuadanga,12820,11762,34.27,2007
Wheat,Comilla,11230,7340,25.5,2007
Wheat,Comilla Region,43465,26835,25.5,2007
Wheat,Cox's Bazar,0,0,48,2007
Wheat,Dhaka,1895,1129,35.25,2007
Wheat,Dhaka Region,21025,15778,35.25,2007
Wheat,Dinajpur,49550,42984,7.5,2007
Wheat,Dinajpur Region,207635,203779,7.5,2007
Wheat,Faridpur,57210,47600,38.25,2007
Wheat,Faridpur Region,132220,103416,38.25,2007
Wheat,Feni,175,126,37,2007
Wheat,Gaibanda,7755,5989,34.27,2007
Wheat,Gazipur,630,479,34.27,2007
Wheat,Gopalgonj,9385,7938,34.27,2007
Wheat,Hobigonj,1405,1170,34.27,2007
Wheat,Jalakati,30,20,34.27,2007
Wheat,Jamalpur,13775,9821,34.27,2007
Wheat,Jamalpur Region,21075,16342,34.27,2007
Wheat,Jessore,13940,13362,44.75,2007
Wheat,Jessore Region,61400,52091,44.75,2007
Wheat,Jhenaidah,19665,15107,34.27,2007
Wheat,Joypurhat,4800,3673,34.27,2007
Wheat,Khagrachari Region,0,0,34.27,2007
Wheat,Khulna,335,244,41.75,2007
Wheat,Khulna Region,4720,3723,41.75,2007
Wheat,Kishoregonj,11160,7298,34.27,2007
Wheat,Kishoregonj Region,14585,9877,34.27,2007
Wheat,Kurigram,29545,25619,34.27,2007
Wheat,Kustia,33145,31759,34.27,2007
Wheat,Kustia  Region,64605,64624,34.27,2007
Wheat,Lakshmipur,310,234,34.27,2007
Wheat,Lalmonirhat,6195,5182,34.27,2007
Wheat,Madaripur,10350,7812,46,2007
Wheat,Magura,21645,18292,34.27,2007
Wheat,Manikgonj,9035,6870,34.27,2007
Wheat,Maulavibazar,2,1,34.27,2007
Wheat,Meherpur,18640,21103,34.27,2007
Wheat,Munsigonj,1015,642,34.27,2007
Wheat,Mymenshing,0,0,30.5,2007
Wheat,Narail,6150,5330,34.27,2007
Wheat,Narayangonj,5425,4585,34.27,2007
Wheat,Narsingdi,3025,2073,34.27,2007
Wheat,Natore,44630,48695,34.27,2007
Wheat,Nawabgonj,34675,37354,34.27,2007
Wheat,Netrokona,3425,2579,34.27,2007
Wheat,Nilphamari,21825,18794,34.27,2007
Wheat,Noagaon,28165,24727,34.27,2007
Wheat,Noakhali,60,50,34.27,2007
Wheat,Noakhali Region,545,410,34.27,2007
Wheat,Pabna,75300,65912,34.27,2007
Wheat,Pabna Region,84360,73629,34.27,2007
Wheat,Panchagar,35445,28816,34.27,2007
Wheat,Patuakhali,5,2,71,2007
Wheat,Patuakhali Region,45,34,71,2007
Wheat,Perojpur,5,2,34.27,2007
Wheat,Rajbari,42785,30392,34.27,2007
Wheat,Rajshahi,65545,59013,7,2007
Wheat,Rajshahi Region,173015,169789,7,2007
Wheat,Rangamati Region,60,40,34.75,2007
Wheat,Rangpur,10510,9400,14.75,2007
Wheat,Rangpur Region,75830,64984,14.75,2007
Wheat,Satkhira,4160,3314,53.75,2007
Wheat,Shariatpur,12490,9674,34.27,2007
Wheat,Sherpur,7300,6521,34.27,2007
Wheat,Sirajgonj,9060,7717,34.27,2007
Wheat,Sunamgonj,400,309,34.27,2007
Wheat,Sylhet,540,423,44.5,2007
Wheat,Sylhet Region,2347,1903,44.5,2007
Wheat,Tangail Region,24450,17477,34.25,2007
Wheat,Thakurgaon,122640,131979,34.27,2007
Wheat,Bagerhat,297,253,15.29,2008
Wheat,Bandarban Region,0,0,15.29,2008
Wheat,Barguna,40,24,15.29,2008
Wheat,Barisal,1841,1361,16.25,2008
Wheat,Barisal Region,8526,7648,16.25,2008
Wheat,Bhola,6535,6167,9.5,2008
Wheat,Bogra,4050,3462,6.75,2008
Wheat,Bogra Region,8850,8386,6.75,2008
Wheat,Brahmanbaria,15077,8447,15.29,2008
Wheat,Chandpur,7680,4925,15.29,2008
Wheat,Chittagong,25,11,25.5,2008
Wheat,Chittagong Region,25,11,25.5,2008
Wheat,Chuadanga,27260,22824,15.29,2008
Wheat,Comilla,12018,7752,10.25,2008
Wheat,Comilla Region,34775,21124,10.25,2008
Wheat,Cox's Bazar,0,0,17,2008
Wheat,Dhaka,2805,2306,19.75,2008
Wheat,Dhaka Region,19614,15732,19.75,2008
Wheat,Dinajpur,67120,54067,8.5,2008
Wheat,Dinajpur Region,214110,179435,8.5,2008
Wheat,Faridpur,64253,49359,21.75,2008
Wheat,Faridpur Region,149050,130494,21.75,2008
Wheat,Feni,205,157,11.25,2008
Wheat,Gaibanda,2600,1755,15.29,2008
Wheat,Gazipur,555,447,15.29,2008
Wheat,Gopalgonj,13466,12466,15.29,2008
Wheat,Hobigonj,1505,1085,15.29,2008
Wheat,Jalakati,37,25,15.29,2008
Wheat,Jamalpur,12505,8976,15.29,2008
Wheat,Jamalpur Region,15980,11709,15.29,2008
Wheat,Jessore,13815,15140,26.25,2008
Wheat,Jessore Region,60901,56677,15.29,2008
Wheat,Jhenaidah,16850,14278,15.29,2008
Wheat,Joypurhat,4800,4924,15.29,2008
Wheat,Khagrachari Region,2,1,15.29,2008
Wheat,Khulna,475,408,25.5,2008
Wheat,Khulna Region,4951,4224,25.5,2008
Wheat,Kishoregonj,9020,7384,15.29,2008
Wheat,Kishoregonj Region,11710,9154,15.29,2008
Wheat,Kurigram,20520,13603,15.29,2008
Wheat,Kustia,32087,26577,15.29,2008
Wheat,Kustia  Region,90197,82957,15.29,2008
Wheat,Lakshmipur,200,150,15.29,2008
Wheat,Lalmonirhat,3040,2355,15.29,2008
Wheat,Madaripur,11310,8916,13.75,2008
Wheat,Magura,22340,19913,15.29,2008
Wheat,Manikgonj,5522,4535,15.29,2008
Wheat,Maulavibazar,190,117,15.29,2008
Wheat,Meherpur,30850,33556,15.29,2008
Wheat,Munsigonj,1630,1151,15.29,2008
Wheat,Mymenshing Region,6075,4055,8.75,2008
Wheat,Narail,7896,7346,15.29,2008
Wheat,Narayangonj,5232,4505,15.29,2008
Wheat,Narsingdi,3870,2788,15.29,2008
Wheat,Natore,75413,80339,15.29,2008
Wheat,Nawabgonj,21970,23741,15.29,2008
Wheat,Netrokona,2690,1770,15.29,2008
Wheat,Nilphamari,3870,3237,15.29,2008
Wheat,Noagaon,30180,25505,15.29,2008
Wheat,Noakhali,66,50,11.25,2008
Wheat,Noakhali Region,471,357,11.25,2008
Wheat,Pabna,80348,72790,15.29,2008
Wheat,Pabna Region,89530,79655,15.29,2008
Wheat,Panchagar,38850,29540,15.29,2008
Wheat,Patuakhali,25,21,13.5,2008
Wheat,Patuakhali Region,65,45,13.5,2008
Wheat,Perojpur,113,95,15.29,2008
Wheat,Rajbari,47904,50282,15.29,2008
Wheat,Rajshahi,68890,63053,6.5,2008
Wheat,Rajshahi Region,196453,192638,6.5,2008
Wheat,Rangamati Region,65,46,20,2008
Wheat,Rangpur,9753,8501,9.25,2008
Wheat,Rangpur Region,39783,29451,9.25,2008
Wheat,Satkhira,4179,3563,32.75,2008
Wheat,Shariatpur,12117,9471,15.29,2008
Wheat,Sherpur,3475,2733,15.29,2008
Wheat,Sirajgonj,9182,6865,15.29,2008
Wheat,Sunamgonj,377,321,15.29,2008
Wheat,Sylhet,455,382,13.5,2008
Wheat,Sylhet Region,2527,1905,13.5,2008
Wheat,Tangail Region,21465,13341,19.25,2008
Wheat,Thakurgaon,108140,95828,15.29,2008
Wheat,Bagerhat,505,454,3.59,2009
Wheat,Bandarban Region,0,0,3.59,2009
Wheat,Barguna,0,1,3.59,2009
Wheat,Barisal,1896,1321,8.25,2009
Wheat,Barisal Region,6381,7651,8.25,2009
Wheat,Bhola,4402,6291,5.25,2009
Wheat,Bogra,3162,2556,0.75,2009
Wheat,Bogra Region,7296,6218,0.75,2009
Wheat,Brahmanbaria,18580,10798,3.59,2009
Wheat,Chandpur,5078,3169,1,2009
Wheat,Chittagong,18,8,4.75,2009
Wheat,Chittagong Region,18,8,4.75,2009
Wheat,Chuadanga,29740,12836,3.59,2009
Wheat,Comilla,7709,5150,0,2009
Wheat,Comilla Region,31367,19117,0,2009
Wheat,Cox's Bazar,0,0,14.5,2009
Wheat,Dhaka,1517,710,1.5,2009
Wheat,Dhaka Region,14589,7724,1.5,2009
Wheat,Dinajpur,55393,53492,0.25,2009
Wheat,Dinajpur Region,209567,241090,0.25,2009
Wheat,Faridpur,60366,70752,1.25,2009
Wheat,Faridpur Region,138261,143618,1.25,2009
Wheat,Feni,187,150,14,2009
Wheat,Gaibanda,6066,4950,3.59,2009
Wheat,Gazipur,314,291,3.59,2009
Wheat,Gopalgonj,12218,11438,3.59,2009
Wheat,Hobigonj,1567,1284,3.59,2009
Wheat,Jalakati,28,7,3.59,2009
Wheat,Jamalpur,10683,9245,3.59,2009
Wheat,Jamalpur Region,13255,11048,3.59,2009
Wheat,Jessore,10806,9107,2.25,2009
Wheat,Jessore Region,51784,53758,2.25,2009
Wheat,Jhenaidah,15830,18124,3.59,2009
Wheat,Joypurhat,4134,3662,3.59,2009
Wheat,Khagrachari Region,0,0,3.59,2009
Wheat,Khulna,400,327,6.75,2009
Wheat,Khulna Region,4025,3260,6.75,2009
Wheat,Kishoregonj,5795,5311,3.59,2009
Wheat,Kishoregonj Region,7700,10363,3.59,2009
Wheat,Kurigram,23767,20031,3.59,2009
Wheat,Kustia,27353,35928,3.59,2009
Wheat,Kustia  Region,86938,91106,3.59,2009
Wheat,Lakshmipur,126,116,3.59,2009
Wheat,Lalmonirhat,3398,2891,3.59,2009
Wheat,Madaripur,10756,9708,3,2009
Wheat,Magura,19004,20153,3.59,2009
Wheat,Manikgonj,5123,2463,3.59,2009
Wheat,Maulavibazar,212,96,3.59,2009
Wheat,Meherpur,29845,42342,3.59,2009
Wheat,Munsigonj,750,416,3.59,2009
Wheat,Mymenshing Region,5433,2425,0,2009
Wheat,Narail,6144,6374,3.59,2009
Wheat,Narayangonj,3725,2286,3.59,2009
Wheat,Narsingdi,3160,1558,3.59,2009
Wheat,Natore,69142,77378,3.59,2009
Wheat,Nawabgonj,30139,44712,3.59,2009
Wheat,Netrokona,1905,5052,3.59,2009
Wheat,Nilphamari,11635,9592,3.59,2009
Wheat,Noagaon,29618,27687,3.59,2009
Wheat,Noakhali,70,61,3.59,2009
Wheat,Noakhali Region,383,327,3.59,2009
Wheat,Pabna,76714,86378,3.59,2009
Wheat,Pabna Region,83564,91801,3.59,2009
Wheat,Panchagar,37311,45412,3.59,2009
Wheat,Patuakhali,12,8,2.75,2009
Wheat,Patuakhali Region,12,9,2.75,2009
Wheat,Perojpur,55,32,3.59,2009
Wheat,Rajbari,41767,40692,3.59,2009
Wheat,Rajshahi,66895,72385,2,2009
Wheat,Rajshahi Region,195794,222162,2,2009
Wheat,Rangamati Region,0,0,12.25,2009
Wheat,Rangpur,9203,8162,0,2009
Wheat,Rangpur Region,54069,45626,0,2009
Wheat,Satkhira,3120,2479,4.75,2009
Wheat,Shariatpur,13154,11028,3.59,2009
Wheat,Sherpur,2572,1803,3.59,2009
Wheat,Sirajgonj,6850,5423,3.59,2009
Wheat,Sunamgonj,383,329,3.59,2009
Wheat,Sylhet,466,387,5,2009
Wheat,Sylhet Region,2628,2096,5,2009
Wheat,Tangail Region,16702,12678,0,2009
Wheat,Thakurgaon,116863,142186,3.59,2009
Wheat,Bagerhat,524,386,12.27,2010
Wheat,Bandarban Region,0,0,12.27,2010
Wheat,Barguna,1,0,12.27,2010
Wheat,Barisal,1938,1161,23,2010
Wheat,Barisal Region,8609,4843,23,2010
Wheat,Bhola,6622,3618,11.75,2010
Wheat,Bogra,2934,2683,5.75,2010
Wheat,Bogra Region,7125,6348,5.75,2010
Wheat,Brahmanbaria,16390,11166,12.27,2010
Wheat,Chandpur,3627,3435,11,2010
Wheat,Chittagong,20,6,16.25,2010
Wheat,Chittagong Region,20,6,16.25,2010
Wheat,Chuadanga,10814,35846,12.27,2010
Wheat,Comilla,6274,5588,7,2010
Wheat,Comilla Region,26291,20189,7,2010
Wheat,Cox's Bazar,0,0,20.75,2010
Wheat,Dhaka,866,1254,32.25,2010
Wheat,Dhaka Region,11059,10104,32.25,2010
Wheat,Dinajpur,52130,55104,0.25,2010
Wheat,Dinajpur Region,219950,217798,0.25,2010
Wheat,Faridpur,62597,58653,20,2010
Wheat,Faridpur Region,131575,131779,20,2010
Wheat,Feni,179,124,19.75,2010
Wheat,Gaibanda,5624,5088,12.27,2010
Wheat,Gazipur,402,246,12.27,2010
Wheat,Gopalgonj,10666,11753,12.27,2010
Wheat,Hobigonj,1496,1058,12.27,2010
Wheat,Jalakati,9,19,12.27,2010
Wheat,Jamalpur,10625,8869,12.27,2010
Wheat,Jamalpur Region,12924,11199,12.27,2010
Wheat,Jessore,9445,10992,11,2010
Wheat,Jessore Region,52919,51413,12.27,2010
Wheat,Jhenaidah,16359,15712,12.27,2010
Wheat,Joypurhat,4191,3665,12.27,2010
Wheat,Khagrachari Region,0,0,12.27,2010
Wheat,Khulna,353,381,3.75,2010
Wheat,Khulna Region,3411,3545,3.75,2010
Wheat,Kishoregonj,7613,4153,12.27,2010
Wheat,Kishoregonj Region,15212,5473,12.27,2010
Wheat,Kurigram,22547,18488,12.27,2010
Wheat,Kustia,31434,27690,12.27,2010
Wheat,Kustia  Region,75988,100110,12.27,2010
Wheat,Lakshmipur,222,100,12.27,2010
Wheat,Lalmonirhat,3392,2782,12.27,2010
Wheat,Madaripur,8904,10563,2.5,2010
Wheat,Magura,20765,18664,12.27,2010
Wheat,Manikgonj,3510,3436,12.27,2010
Wheat,Maulavibazar,215,110,12.27,2010
Wheat,Meherpur,33740,36574,12.27,2010
Wheat,Munsigonj,555,530,12.27,2010
Wheat,Mymenshing Region,3639,3502,12.5,2010
Wheat,Narail,6350,6045,12.27,2010
Wheat,Narayangonj,3462,2597,12.27,2010
Wheat,Narsingdi,2264,2041,12.27,2010
Wheat,Natore,65600,74330,12.27,2010
Wheat,Nawabgonj,37258,35010,12.27,2010
Wheat,Netrokona,7599,1320,12.27,2010
Wheat,Nilphamari,11024,9572,12.27,2010
Wheat,Noagaon,27687,26213,12.27,2010
Wheat,Noakhali,79,34,12.27,2010
Wheat,Noakhali Region,480,258,12.27,2010
Wheat,Pabna,78898,66835,12.27,2010
Wheat,Pabna Region,85627,72064,12.27,2010
Wheat,Panchagar,42642,34707,12.27,2010
Wheat,Patuakhali,13,6,9.5,2010
Wheat,Patuakhali Region,14,6,9.5,2010
Wheat,Perojpur,40,45,12.27,2010
Wheat,Rajbari,38754,39350,12.27,2010
Wheat,Rajshahi,67923,67894,11,2010
Wheat,Rajshahi Region,198468,203447,11,2010
Wheat,Rangamati Region,0,0,17.75,2010
Wheat,Rangpur,9149,8275,1.5,2010
Wheat,Rangpur Region,51736,44205,1.5,2010
Wheat,Satkhira,2534,2778,4.75,2010
Wheat,Shariatpur,10654,11460,12.27,2010
Wheat,Sherpur,2299,2330,12.27,2010
Wheat,Sirajgonj,6729,5229,12.27,2010
Wheat,Sunamgonj,370,333,12.27,2010
Wheat,Sylhet,500,359,14,2010
Wheat,Sylhet Region,2581,1860,14,2010
Wheat,Tangail Region,15842,13341,17,2010
Wheat,Thakurgaon,125178,127987,12.27,2010
Wheat,Bagerhat,533,518,1.61,2011
Wheat,Bandarban Region,0,0,1.61,2011
Wheat,Barguna,0,0,1.61,2011
Wheat,Barisal,1922,1426,0.25,2011
Wheat,Barisal Region,8270,7949,0.25,2011
Wheat,Bhola,6212,6451,0,2011
Wheat,Bogra,3084,2918,3,2011
Wheat,Bogra Region,6949,6474,3,2011
Wheat,Brahmanbaria,14350,9310,1.61,2011
Wheat,Chandpur,4575,4322,0.25,2011
Wheat,Chittagong,18,6,0,2011
Wheat,Chittagong Region,18,6,0,2011
Wheat,Chuadanga,12870,17222,1.61,2011
Wheat,Comilla,6004,4964,0,2011
Wheat,Comilla Region,24929,18596,0,2011
Wheat,Cox's Bazar,0,0,4,2011
Wheat,Dhaka,715,565,0,2011
Wheat,Dhaka Region,6670,4910,0,2011
Wheat,Dinajpur,42092,46696,7.75,2011
Wheat,Dinajpur Region,196880,234544,7.75,2011
Wheat,Faridpur,63811,72338,0,2011
Wheat,Faridpur Region,129128,142971,0,2011
Wheat,Feni,145,119,2.5,2011
Wheat,Gaibanda,4192,3687,1.61,2011
Wheat,Gazipur,360,273,1.61,2011
Wheat,Gopalgonj,10420,11964,1.61,2011
Wheat,Hobigonj,672,565,1.61,2011
Wheat,Jalakati,14,12,1.61,2011
Wheat,Jamalpur,9713,8988,1.61,2011
Wheat,Jamalpur Region,12111,11223,1.61,2011
Wheat,Jessore,7692,7795,0.25,2011
Wheat,Jessore Region,50893,52959,0.25,2011
Wheat,Jhenaidah,16950,18532,1.61,2011
Wheat,Joypurhat,3865,3556,1.61,2011
Wheat,Khagrachari Region,0,0,1.61,2011
Wheat,Khulna,306,282,1.75,2011
Wheat,Khulna Region,3587,3539,1.75,2011
Wheat,Kishoregonj,4790,3310,1.61,2011
Wheat,Kishoregonj Region,9280,6449,1.61,2011
Wheat,Kurigram,21534,22466,1.61,2011
Wheat,Kustia,33555,45654,1.61,2011
Wheat,Kustia  Region,83355,112571,1.61,2011
Wheat,Lakshmipur,203,113,1.61,2011
Wheat,Lalmonirhat,3504,3139,1.61,2011
Wheat,Madaripur,8724,10277,0.25,2011
Wheat,Magura,20100,20550,1.61,2011
Wheat,Manikgonj,2510,1884,1.61,2011
Wheat,Maulavibazar,80,53,1.61,2011
Wheat,Meherpur,36930,49695,1.61,2011
Wheat,Munsigonj,370,280,1.61,2011
Wheat,Mymenshing Region,3317,2400,3.25,2011
Wheat,Narail,6151,6082,1.61,2011
Wheat,Narayangonj,542,368,1.61,2011
Wheat,Narsingdi,2173,1540,1.61,2011
Wheat,Natore,61240,74750,1.61,2011
Wheat,Nawabgonj,37630,36619,1.61,2011
Wheat,Netrokona,4490,3139,1.61,2011
Wheat,Nilphamari,9714,9268,1.61,2011
Wheat,Noagaon,35775,41798,1.61,2011
Wheat,Noakhali,88,62,1.61,2011
Wheat,Noakhali Region,436,294,1.61,2011
Wheat,Pabna,76465,82858,1.61,2011
Wheat,Pabna Region,82434,88052,1.61,2011
Wheat,Panchagar,40430,43524,1.61,2011
Wheat,Patuakhali,0,0,1.5,2011
Wheat,Patuakhali Region,0,0,1.5,2011
Wheat,Perojpur,122,60,1.61,2011
Wheat,Rajbari,38090,40535,1.61,2011
Wheat,Rajshahi,68057,87008,1.75,2011
Wheat,Rajshahi Region,202702,240175,1.75,2011
Wheat,Rangamati Region,0,0,0.5,2011
Wheat,Rangpur,8241,7577,5.25,2011
Wheat,Rangpur Region,47185,46137,5.25,2011
Wheat,Satkhira,2748,2739,0.25,2011
Wheat,Shariatpur,8083,7857,1.61,2011
Wheat,Sherpur,2398,2235,1.61,2011
Wheat,Sirajgonj,5969,5194,1.61,2011
Wheat,Sunamgonj,124,96,1.61,2011
Wheat,Sylhet,413,335,0.75,2011
Wheat,Sylhet Region,1289,1049,0.75,2011
Wheat,Tangail Region,15275,15058,0.75,2011
Wheat,Thakurgaon,114358,144324,1.61,2011
Wheat,Bagerhat,510,473,15.49,2012
Wheat,Bandarban,0,0,15.49,2012
Wheat,Barguna,0,0,15.49,2012
Wheat,Barisal,2239,1552,19.25,2012
Wheat,Barisal Region,8483,8885,19.25,2012
Wheat,Bhola,6089,7214,10.75,2012
Wheat,Bogra,4300,4221,14,2012
Wheat,Brahmanbaria,13190,12909,15.49,2012
Wheat,Chandpur,6942,6698,15.49,2012
Wheat,Chittagong,12,8,0.75,2012
Wheat,Chittagong Division,24675,23821,0.75,2012
Wheat,Chuadanga,14580,19032,15.49,2012
Wheat,Comilla,4140,3933,30.5,2012
Wheat,Cox's Bazar,0,0,3.5,2012
Wheat,Dhaka,586,513,21,2012
Wheat,Dhaka  Division,217430,245699,21,2012
Wheat,Dinajpur,46920,59355,2.75,2012
Wheat,Faridpur,75410,90695,37.25,2012
Wheat,Feni,135,114,5,2012
Wheat,Gaibanda,5274,5057,15.49,2012
Wheat,Gazipur,333,238,15.49,2012
Wheat,Gopalgonj,14285,17991,15.49,2012
Wheat,Hobigonj,606,477,15.49,2012
Wheat,Jalakati,30,33,15.49,2012
Wheat,Jamalpur,14725,15005,15.49,2012
Wheat,Jessore,11527,13158,24.5,2012
Wheat,Jhenaidah,18974,20568,15.49,2012
Wheat,Joypurhat,3834,3606,15.49,2012
Wheat,Khagrachari,0,0,15.49,2012
Wheat,Khulna,1370,1102,41.5,2012
Wheat,Khulna Division,170279,207232,41.5,2012
Wheat,Kishoregonj,5220,3650,15.49,2012
Wheat,Kurigram,26033,28064,15.49,2012
Wheat,Kustia,40471,52315,15.49,2012
Wheat,Lakshmipur,170,97,15.49,2012
Wheat,Lalmonirhat,3821,3805,15.49,2012
Wheat,Madaripur,13833,17045,32,2012
Wheat,Magura,27221,32688,15.49,2012
Wheat,Manikgonj,2710,2348,15.49,2012
Wheat,Maulavibazar,200,200,15.49,2012
Wheat,Meherpur,43130,55108,15.49,2012
Wheat,Munsigonj,281,215,15.49,2012
Wheat,Mymenshing,3487,2671,9.25,2012
Wheat,Narail,9950,10295,15.49,2012
Wheat,Narayangonj,624,426,15.49,2012
Wheat,Narsingdi,3440,2363,15.49,2012
Wheat,Natore,64672,84057,15.49,2012
Wheat,Nawabgonj,53512,68573,15.49,2012
Wheat,Netrokona,5140,3613,15.49,2012
Wheat,Nilphamari,8800,9204,15.49,2012
Wheat,Noagaon,46042,58674,15.49,2012
Wheat,Noakhali,86,62,5,2012
Wheat,Pabna,81792,107713,15.49,2012
Wheat,Panchagar,42244,52635,15.49,2012
Wheat,Patuakhali,0,0,20,2012
Wheat,Perojpur,125,86,15.49,2012
Wheat,Rajbari,42720,51331,15.49,2012
Wheat,Rajshahi,73957,97422,27,2012
Wheat,Rajshahi Division,335520,430922,27,2012
Wheat,Rangamati,0,0,5.75,2012
Wheat,Rangpur,6942,7053,15.49,2012
Wheat,Rangpur Region,271604,337113,15.49,2012
Wheat,Satkhira,2546,2493,40.75,2012
Wheat,Shariatpur,13894,17550,15.49,2012
Wheat,Sherpur,4378,4530,15.49,2012
Wheat,Sirajgonj,7411,6656,15.49,2012
Wheat,Sunamgonj,104,80,15.49,2012
Wheat,Sylhet,367,350,14.5,2012
Wheat,Sylhet Division,1277,1107,14.5,2012
Wheat,Tangail Region,16364,15515,26.25,2012
Wheat,Thakurgaon,131570,171940,15.49,2012
Wheat,Bagerhat,481,495,3.36,2013
Wheat,Bandarban,0,0,3.36,2013
Wheat,Barguna,8,3,3.36,2013
Wheat,Barisal,2539,1956,1.5,2013
Wheat,Barisal Region,9726,10443,1.5,2013
Wheat,Bhola,6784,8159,2.25,2013
Wheat,Bogra,4307,4283,5.5,2013
Wheat,Brahmanbaria,4573,3984,3.36,2013
Wheat,Chandpur,3088,3150,0.75,2013
Wheat,Chittagong,11,7,0,2013
Wheat,Chittagong Division,11392,10565,0,2013
Wheat,Chuadanga,13920,18352,3.36,2013
Wheat,Comilla,3475,3226,1.5,2013
Wheat,Cox's Bazar,0,0,0,2013
Wheat,Dhaka,743,710,3,2013
Wheat,Dhaka  Division,218494,257287,3,2013
Wheat,Dinajpur,47390,59773,2.5,2013
Wheat,Faridpur,79946,102805,3,2013
Wheat,Feni,113,122,0.75,2013
Wheat,Gaibanda,8850,8245,3.36,2013
Wheat,Gazipur,306,205,3.36,2013
Wheat,Gopalgonj,13980,18097,3.36,2013
Wheat,Hobigonj,1114,921,3.36,2013
Wheat,Jalakati,126,113,3.36,2013
Wheat,Jamalpur,19776,20485,3.36,2013
Wheat,Jessore,10112,12339,5.25,2013
Wheat,Jhenaidah,17921,20657,3.36,2013
Wheat,Joypurhat,3825,3615,3.36,2013
Wheat,Khagrachari,0,0,3.36,2013
Wheat,Khulna,647,555,2,2013
Wheat,Khulna Division,165347,198632,3.36,2013
Wheat,Kishoregonj,4110,2878,3.36,2013
Wheat,Kurigram,28066,31188,3.36,2013
Wheat,Kustia,41327,49811,3.36,2013
Wheat,Lakshmipur,58,26,3.36,2013
Wheat,Lalmonirhat,3625,4210,3.36,2013
Wheat,Madaripur,12820,16510,2.5,2013
Wheat,Magura,26211,28745,3.36,2013
Wheat,Manikgonj,2191,2037,3.36,2013
Wheat,Maulavibazar,238,214,3.36,2013
Wheat,Meherpur,42836,54524,3.36,2013
Wheat,Munsigonj,138,97,3.36,2013
Wheat,Mymenshing,4815,4934,4.5,2013
Wheat,Narail,9220,10528,3.36,2013
Wheat,Narayangonj,574,382,3.36,2013
Wheat,Narsingdi,1020,811,3.36,2013
Wheat,Natore,63867,82128,3.36,2013
Wheat,Nawabgonj,72637,93108,3.36,2013
Wheat,Netrokona,4573,3115,3.36,2013
Wheat,Nilphamari,9734,10806,3.36,2013
Wheat,Noagaon,46521,60535,3.36,2013
Wheat,Noakhali,74,50,3.36,2013
Wheat,Pabna,96169,122338,3.36,2013
Wheat,Panchagar,41500,53924,3.36,2013
Wheat,Patuakhali,93,39,1.25,2013
Wheat,Perojpur,176,173,3.36,2013
Wheat,Rajbari,41863,49489,3.36,2013
Wheat,Rajshahi,72822,92475,5.5,2013
Wheat,Rajshahi Division,374843,473852,5.5,2013
Wheat,Rangamati,0,0,0.5,2013
Wheat,Rangpur,8150,9297,3.5,2013
Wheat,Rangpur Region,280054,350762,3.5,2013
Wheat,Satkhira,2672,2626,4.25,2013
Wheat,Shariatpur,11895,14270,3.36,2013
Wheat,Sherpur,3137,3309,3.36,2013
Wheat,Sirajgonj,14695,15370,3.36,2013
Wheat,Sunamgonj,181,134,3.36,2013
Wheat,Sylhet,213,190,1.75,2013
Wheat,Sylhet Division,1746,1459,1.75,2013
Wheat,Tangail Region,16607,17153,3.75,2013
Wheat,Thakurgaon,132739,173319,3.36,2013
Wheat,Bagerhat,729,810,6.11,2014
Wheat,Bandarban,0,0,6.11,2014
Wheat,Barguna,47,25,6.11,2014
Wheat,Barisal,3498,3125,3.75,2014
Wheat,Barisal Division,12651,13654,3.75,2014
Wheat,Bhola,8354,9951,4,2014
Wheat,Bogra,4588,4525,11.5,2014
Wheat,Brahmanbaria,4463,3788,6.11,2014
Wheat,Chandpur,2713,2959,5.25,2014
Wheat,Chittagong,10,5,9.25,2014
Wheat,Chittagong Division,10782,9968,9.25,2014
Wheat,Chuadanga,16677,22404,6.11,2014
Wheat,Comilla,3433,3070,2,2014
Wheat,Cox's Bazar,0,0,7.25,2014
Wheat,Dhaka,783,716,3,2014
Wheat,Dhaka Division,187755,228222,3,2014
Wheat,Dinajpur,51605,66399,7.75,2014
Wheat,Faridpur,81647,103773,3,2014
Wheat,Feni,101,105,3.5,2014
Wheat,Gaibandha,6491,6113,6.11,2014
Wheat,Gazipur,213,156,6.11,2014
Wheat,Gopalgonj,18469,23819,6.11,2014
Wheat,Hobigonj,1055,853,6.11,2014
Wheat,Jamalpur,21090,22617,6.11,2014
Wheat,Jessore,7531,9403,4.75,2014
Wheat,Jhalakathi,185,167,6.11,2014
Wheat,Jhenaidah,17325,22570,6.11,2014
Wheat,Joypurhat,2653,2670,6.11,2014
Wheat,Khagrachari,1,1,6.11,2014
Wheat,Khulna,1267,1323,6,2014
Wheat,Khulna  Division,162889,207217,6,2014
Wheat,Kishoregonj,3523,2525,6.11,2014
Wheat,Kurigram,28749,36475,6.11,2014
Wheat,Kushtia,40030,51999,6.11,2014
Wheat,Lakshmipur,37,17,6.11,2014
Wheat,Lalmonirhat,3481,4099,6.11,2014
Wheat,Madaripur,12067,15427,3,2014
Wheat,Magura,23732,27709,6.11,2014
Wheat,Manikgonj,2802,2814,6.11,2014
Wheat,Maulavibazar,203,187,6.11,2014
Wheat,Meherpur,42830,57155,6.11,2014
Wheat,Munsigonj,62,43,6.11,2014
Wheat,Mymensingh,3736,3415,10.5,2014
Wheat,Mymensingh Division,30774,31289,10.5,2014
Wheat,Narail,9084,9925,6.11,2014
Wheat,Narayangonj,560,397,6.11,2014
Wheat,Narsingdi,700,623,6.11,2014
Wheat,Natore,62370,81204,6.11,2014
Wheat,Nawabgonj,69480,90176,6.11,2014
Wheat,Netrokona,3165,2434,6.11,2014
Wheat,Nilphamari,11866,14023,6.11,2014
Wheat,Noagaon,49799,63220,6.11,2014
Wheat,Noakhali,24,23,6.11,2014
Wheat,Pabna,101845,126403,6.11,2014
Wheat,Panchagar,41170,53433,6.11,2014
Wheat,Patuakhali,300,124,0.75,2014
Wheat,Perojpur,267,262,6.11,2014
Wheat,Rajbari,41110,48261,6.11,2014
Wheat,Rajshahi,70898,93684,6.75,2014
Wheat,Rajshahi Division,377247,478266,6.75,2014
Wheat,Rangamati,0,0,8.25,2014
Wheat,Rangpur,8247,9672,6.5,2014
Wheat,Rangpur Division,295075,377541,6.5,2014
Wheat,Satkhira,3684,3919,7.75,2014
Wheat,Shariatpur,10790,13774,6.11,2014
Wheat,Sherpur,2783,2822,6.11,2014
Wheat,Sirajgonj,15614,16383,6.11,2014
Wheat,Sunamgonj,598,455,6.11,2014
Wheat,Sylhet,382,276,8.5,2014
Wheat,Sylhet Division,2238,1771,8.5,2014
Wheat,Tangail,15029,15893,6,2014
Wheat,Thakurgaon,143466,187325,6.11,2014